{"id":"c4a627ad-e7b8-4f2f-841d-5e285eef486e","timestamp":1728053007761,"matcher":{"static":{},"wildcard":{},"dynamic":{}},"prerendered":["/o-impacto-da-velocidade-de-carregamento-no-seo-do-seu-site","/como-o-trafego-pago-impulsiona-sua-visibilidade-online","/aproveitando-o-potencial-das-redes-sociais-para-alavancar-o-seu-negocio","/por-que-seu-site-precisa-de-um-blog","/como-um-site-influencia-a-sua-visibilidade-online","/como-o-design-impacta-na-percepcao-da-sua-marca","/","/sobre","/blog","/servicos","/contato","/politica-de-privacidade"]}